,cpu_index,VIX_Close,BTC_Close
cpu_index,1.0,0.3378340777233852,0.4779415068046674
VIX_Close,0.3378340777233852,1.0,0.2948956401457745
BTC_Close,0.4779415068046674,0.2948956401457745,1.0
